Phrase,Count,PMI
and the opportunity to,12,8.16449083452968
and out of the,11,8.614202474187131
and it can be,19,8.80410437398524
and understanding of the,12,8.886959309454163
of the world and,15,8.914403359882677
be one of the,11,9.11158315295684
is up to the,14,9.336418679709666
it is not the,11,9.351034134586214
to learn in a,10,9.42259452260933
a part of the,10,9.478018204623673
to a sense of,10,9.519369665416228
important it is to,10,9.61861366319662
to working in a,14,9.619859544624994
it can have a,16,9.807884336218152
both the students and,10,9.89258012145303
to the power of,11,10.04809215830418
in the classroom and,13,10.061601538625418
to have a positive,11,10.146131412806874
and the ability to,27,10.153843590330169
and can lead to,26,10.18463684841376
the quality of the,10,10.223437131326321
is due to the,11,10.240252716884847
to the lack of,18,10.309888730479116
it can be a,37,10.361925769706268
the potential to be,24,10.40956351405866
is that it can,24,10.441593574526358
with the help of,22,10.536952325202051
it can help to,20,10.579262530154907
important to take the,10,10.632297677342393
of working in a,18,10.646481412708866
is one of the,45,10.693407723085386
the idea of a,11,10.797615403147617
is the ability to,15,10.837288049906576
it can be more,10,10.870033828296208
it is better to,12,10.88545565910249
can help students to,15,10.886207738768867
and a lack of,16,10.905237409381193
and it is important,23,10.91018898094007
and a sense of,25,10.931239216877394
this can help to,10,10.937048853631254
of the importance of,17,10.937574773575754
time for students to,15,10.945931565092764
be beneficial in the,10,11.027969477220289
with the ability to,11,11.153008455695627
that can not be,10,11.159714639203777
", on the other",10,11.186031257341142
to remember that the,10,11.237470050244411
can also have a,14,11.288898284576916
be the key to,14,11.319401393717513
to be able to,27,11.337970811020682
is a part of,12,11.351530656823755
in the classroom it,10,11.380065048530327
the rest of the,14,11.388463333355794
that can lead to,18,11.405173252542347
that it can help,10,11.42025510755608
in life it can,16,11.46680483009088
to take the time,21,11.47844880259607
", there is a",13,11.494911117938123
as the ability to,14,11.508115317729825
to a lack of,26,11.515735670948487
up to us to,12,11.540556114133963
to a variety of,26,11.547847856102237
is the key to,24,11.646412064817241
to make a positive,13,11.656093142332978
as part of the,14,11.668953795763777
have the potential to,37,11.689466311107289
in life it is,17,11.723234584572573
of the school day,13,11.744797129726855
as a way to,28,11.74734842669374
can lead to an,11,11.774914598452327
is important to be,37,11.791202074474747
of allowing students to,13,11.802657983319286
life it can be,10,11.808431578627768
the most of our,10,11.817982010846308
can also be a,32,11.826131430378474
the most of their,17,11.831762472432075
the concept of a,12,11.841403135789939
that success can be,10,11.842239486523951
have the ability to,14,11.843761216060322
technology can be a,12,11.867852872495128
us the opportunity to,10,11.870332426926865
to focus on the,20,11.885488039988942
with the opportunity to,33,11.9185432020586
can lead to more,11,11.93555762177715
on the importance of,10,11.944531385765188
us to be more,12,11.952553189728526
can help them to,12,11.977040829088146
the context of the,12,11.982624770923415
to ensure that the,31,11.999021282688886
order to make the,10,12.001159774370343
to a student s,13,12.021966015670131
the end of the,36,12.033763619915213
in a safe and,11,12.043413458194706
important for students to,28,12.07063409417956
lead to a more,21,12.102264516554257
to become one of,12,12.158810970964744
in a way that,27,12.19640889674092
as part of a,13,12.237370815617858
is true that the,14,12.247953583044783
in a group is,16,12.255147969355377
is a result of,11,12.260626117849533
can be the key,10,12.286390476021083
the opportunity to make,14,12.293287091724459
and allows us to,10,12.311939186546503
s important to be,14,12.327292671700242
the classroom can be,12,12.328297427755011
to be successful in,24,12.33736630738806
failure can be a,16,12.344666569360655
", such as the",23,12.35352212780321
the opportunity to take,11,12.360097146116523
can lead to a,78,12.365894892670575
the opportunity to work,12,12.372210867656705
", it is not",20,12.387320723163086
become one of the,14,12.392108168640057
can be hard to,15,12.41801346607943
of having a positive,10,12.418507840632095
in the classroom can,26,12.424075991525427
for students to learn,13,12.437481085384434
have access to a,19,12.439446295245993
opportunities for students to,12,12.45003325670514
of committing to a,14,12.47610221151205
the other hand the,18,12.480607810937137
way for students to,19,12.484831270141242
time and energy to,12,12.506691635014846
it is difficult to,28,12.507715145076425
in the form of,29,12.51761870512383
can also be more,10,12.543692854597374
in order to be,27,12.551129919763895
that need to be,15,12.556093870924592
have the power to,15,12.558891008986059
students more time to,20,12.576845675187535
students the opportunity to,48,12.583448675581124
to the school day,37,12.589758988515555
can be a difficult,17,12.590156291683819
it is up to,39,12.59047778990788
it is important that,22,12.59710976434772
to provide students with,15,12.605262431916032
on a variety of,10,12.605879380100077
it can lead to,43,12.607437018133403
take the example of,11,12.619453379758298
attitude can have a,13,12.645669742646973
students the chance to,16,12.64664250206831
to learn how to,11,12.648507305591075
have the courage to,11,12.662735221384764
skills and knowledge to,10,12.707439580721264
in life having a,10,12.708857251167288
when working in a,11,12.710647690589852
have more time to,19,12.721337458528332
can also help to,28,12.73834838362631
can be beneficial to,25,12.739127628623116
to success in life,23,12.751034286941646
to be yourself in,17,12.751209028096845
for students and teachers,10,12.754081052253454
take the time to,51,12.758556721788807
it is easier to,10,12.773408006382255
the other hand a,14,12.793369955323008
to make the best,18,12.795193852718057
the only way to,11,12.859917057421477
it more difficult to,13,12.86128744789574
be seen in the,13,12.865302571062095
in a world that,33,12.86651951615088
them the opportunity to,22,12.870678978703907
the potential benefits and,15,12.874568443090226
with a group can,11,12.877893803607286
could lead to a,14,12.889726513050398
", but it is",13,12.893904600538264
it is necessary to,18,12.900787312858476
important part of the,13,12.903755809146979
to become a better,10,12.904940283472463
can be used in,11,12.94363373469929
have the opportunity to,53,12.944898994207747
part of the learning,10,12.947142599221728
as such it is,15,12.949550514787767
provide students with the,19,12.957204126089962
it is challenging to,10,12.961223166720458
the skills and knowledge,12,12.981378762893932
in a variety of,34,12.987152055830954
as a form of,10,12.996362716114064
hours to the school,20,13.00953251003677
in the end it,16,13.028079719786781
", there are a",19,13.029962565011026
is up to us,11,13.03640805475527
with a variety of,14,13.03932526548418
can have a positive,30,13.0460062992519
for both students and,25,13.069597158626586
the school day is,17,13.089151286842103
the knowledge and skills,13,13.096855980313869
one of the best,17,13.130730253313011
in the context of,13,13.139478288623948
as a result of,12,13.15651994130755
are a variety of,13,13.156794330577817
additionally it can be,12,13.166370209280828
with a sense of,24,13.16696627671545
a break from the,13,13.172977628772479
the potential advantages and,11,13.186869043449633
the benefits of working,10,13.19598631360325
can lead to success,14,13.201610595756463
phones can be a,12,13.207163045610727
", the concept of",11,13.214330142262298
it allows students to,17,13.224530908888582
s also important to,10,13.230461730294621
it s essential to,10,13.288959732042088
a world that is,30,13.298117738486638
to commit to a,21,13.33288258611433
had the opportunity to,11,13.338365763902829
in the face of,84,13.342856332041755
the one hand it,12,13.344912012424409
is the courage to,38,13.345222276486382
the key to success,15,13.346957336999438
a group can be,19,13.353807223217125
for a variety of,25,13.357258046360933
in a group can,39,13.371583274986271
to decide on a,11,13.394317600619367
that needs to be,11,13.395406543427121
difficult for them to,10,13.401643106925533
positive attitude is the,12,13.414583509435644
who you are and,12,13.425821192524218
to a combination of,46,13.432572343686594
a positive attitude and,22,13.432943484991014
ultimately the decision to,11,13.43421358341589
be yourself in a,17,13.43744602820631
and allow them to,12,13.437816620407403
it is essential that,12,13.454797674480211
can be the difference,10,13.485371510747484
taking the time to,59,13.492412414591982
students to focus on,11,13.52098608502525
activities on the other,10,13.53684047221563
on their studies and,10,13.549111171062044
students with the opportunity,18,13.552973381767707
in a group also,11,13.553772381321124
opportunity for students to,26,13.554014835287248
is important to take,25,13.564703818596044
it is easy to,11,13.579531959900251
we can create a,10,13.58619789394566
example of this is,17,13.59158691170191
it is essential for,13,13.595276033124044
the implementation of a,11,13.59851530306792
it can also be,51,13.599236361972956
may not have the,26,13.61598357782097
it can be hard,10,13.61996755509071
the potential benefits of,17,13.629251020857403
", for example ,",10,13.631298136682247
to make the right,19,13.645050416152586
by a variety of,10,13.645734501898232
in high school can,13,13.650907239753977
important to understand the,25,13.654361413008381
in the case of,33,13.666878830937243
having the ability to,15,13.689125052487242
students have the opportunity,16,13.725877837269785
to consider the potential,17,13.728341448883526
the opportunity to develop,10,13.730578343467933
students to use their,26,13.742359325689826
is important for students,29,13.742642989954689
to get a better,10,13.748538726129894
difficult for students to,34,13.754416668081866
to note that the,40,13.76189100903052
high school students to,14,13.762024755202447
has the potential to,73,13.762896421617818
it also helps to,10,13.769881591900784
but it is not,11,13.785676765048613
to make their own,15,13.786798417539778
to ensure that students,19,13.790747007031968
key to success in,10,13.803371136558887
can help us to,39,13.81463751920213
a group can also,10,13.816403690425524
that can help them,12,13.818033406489313
students have access to,14,13.821536001375797
is essential to success,12,13.826888507346602
provides students with the,11,13.82880506206562
that can help us,11,13.829659496378348
of the world around,10,13.854037725307649
be used as a,14,13.864842816215102
with an opportunity to,17,13.871934453727775
to a decrease in,24,13.872552006237335
may be difficult to,14,13.876244556666549
success it is important,12,13.881648069030412
can be used for,12,13.882877258788739
the use of technology,18,13.892647816737643
can give us the,10,13.89403590022475
to become a successful,12,13.903923943140967
provide students with a,23,13.908170792473982
is also important to,62,13.924540904997286
the lives of those,13,13.92587114160061
can lead to better,14,13.938881167207583
of hard work and,15,13.945272561310418
students can use their,11,13.953767135659845
from a variety of,16,13.96903546469025
it can be beneficial,17,13.96965086983117
be mindful of the,13,13.977338619287657
to a career early,10,13.980735601811112
to make the most,40,13.995932612706795
for success in life,15,14.000356645118217
is also a great,11,14.011163739909797
the opportunity to gain,13,14.031633826641666
up a world of,13,14.035196233727454
it is possible for,11,14.044009318900095
the same time it,11,14.044521995649852
it is impossible to,11,14.045708308170902
in the pursuit of,22,14.057668783969412
take for example the,13,14.062403409188
of people who have,11,14.068815303530464
to take a break,10,14.073012552695268
can be used to,50,14.075777229217245
which can make it,10,14.084013595188665
students to complete their,10,14.086493625285236
positive attitude is a,12,14.089915733206233
students to participate in,17,14.104605239890816
providing students with the,14,14.118923913963059
to gain a better,13,14.120477695460139
is important to ensure,12,14.13273592336732
of being able to,18,14.144680073473971
not have access to,10,14.144685029260138
can have a significant,14,14.161270766401202
is important to stay,19,14.17364911663337
be a source of,14,14.1746235462536
to work at their,15,14.196441975980406
", known as the",12,14.2020051994987
part of life and,25,14.213014059409055
students may not be,11,14.217558067462711
to learn from our,12,14.223081080315794
life it is important,15,14.223844243690316
to an increase in,20,14.234122808809175
can be easy to,16,14.236196568568147
the importance of having,12,14.244242469633242
is important to keep,11,14.247871634088803
it allows them to,13,14.250268970985971
essential part of the,10,14.257401213941883
it is possible that,13,14.260016277179993
it difficult for students,14,14.261225338621571
to personal growth and,10,14.274317888124521
for the first time,21,14.275560045636539
can be difficult to,88,14.275888068961322
but it is also,14,14.276700531822698
is the best way,10,14.279322042390874
can have a negative,20,14.286382686658143
is ultimately up to,11,14.308235911938958
make it difficult to,19,14.323250206189378
the benefits and drawbacks,11,14.3237317262737
be aware of the,27,14.325517606366738
it is essential to,79,14.332623344534987
to take part in,17,14.34571911270313
important to ensure that,12,14.35234567806333
of the most important,39,14.360576214327736
the importance of making,10,14.36774281648973
a great example of,10,14.3748169374661
some of the most,20,14.387249130841212
it is important for,75,14.391497977430191
making it difficult to,11,14.39816359692707
as well as a,23,14.40049319680103
to be mindful of,18,14.435919126249999
they are able to,15,14.436195795357158
that can be used,18,14.442838618286004
this can lead to,60,14.445849182516177
in a group has,16,14.454215726319497
of extending the school,10,14.455479235802585
in order to stay,10,14.462143406831778
help to ensure that,12,14.481961458252975
on a person s,12,14.488698576195382
the best way to,36,14.505936126240655
the other hand students,13,14.509117048922292
it can also help,28,14.525264973358745
having the courage to,12,14.534094266344631
can be difficult for,29,14.540431164076658
that may not be,22,14.549651347238637
it is possible to,57,14.551473995802475
as well as the,41,14.55915102159151
to be aware of,32,14.559725327864399
time with family and,13,14.561191470224024
be more likely to,14,14.574188174375017
for most of us,10,14.577545506064787
can help to reduce,11,14.58703212430082
success in life it,24,14.599351421338227
the comfort of their,32,14.617030562091358
understanding of the world,20,14.621675015216276
to make our own,16,14.631662106708461
opportunity to learn and,29,14.633829729097641
lead to a lack,13,14.638600471981768
attitude can lead to,20,14.640446046606392
time to focus on,12,14.646842448225186
not be able to,27,14.655445963700508
can also lead to,56,14.662186211790072
to maintain a positive,11,14.66666726384063
high school can be,13,14.670605893403497
", it is important",73,14.671205015854945
students are able to,33,14.673343470047499
in order to create,11,14.674804290150455
to take control of,10,14.675102766030953
the potential consequences of,10,14.682088011940102
about the importance of,10,14.692163330725869
the opportunity to learn,32,14.696812053735137
can often lead to,24,14.698303273474352
can be beneficial in,47,14.7021413671455
of kindness can have,11,14.714858884257403
can be detrimental to,18,14.730743774067093
when i was in,13,14.732513409350595
for a long time,14,14.739809943208051
better understanding of the,28,14.756680845667915
true to ourselves and,10,14.768535304033954
could lead to an,11,14.776793515636797
however it is also,15,14.777222710918117
a positive attitude in,29,14.793832481526955
positive impact on the,11,14.805738137730913
as a learning experience,12,14.80829421950915
to focus on their,29,14.813224780985557
but it is important,17,14.82969581636086
in achieving success in,11,14.830131237391988
those with a positive,12,14.830700594029658
all of which are,10,14.835908390741771
part of life it,12,14.851095503514117
important to recognize the,22,14.852406478693368
essential in order to,13,14.890322414900197
make the most of,47,14.892645158196231
be difficult for students,18,14.908858558542832
it can help us,25,14.960008079847043
by a combination of,12,14.970371157400464
be attributed to a,31,14.982508519849752
the importance of being,16,14.985659848370531
the other hand it,30,14.99358521849691
to a career at,57,15.000076201615428
as an opportunity to,37,15.001108536720281
in order to get,11,15.031874191158074
to take risks and,26,15.036835438903289
it as an opportunity,11,15.038003379461067
in order to make,40,15.04253607465094
a variety of different,10,15.044110328049562
the other hand when,10,15.060417577428474
to a four day,17,15.065511868852425
to note that not,10,15.06846138537147
for students who may,12,15.068642074643137
have a positive attitude,11,15.07039369082704
a positive attitude are,12,15.077479384976641
factors such as the,11,15.08020542005341
more likely to be,20,15.08876134720478
can be beneficial for,35,15.090548174418416
"as a result ,",16,15.09220054055291
it is the courage,37,15.093664718404192
may be able to,28,15.095287324673556
with their peers and,23,15.101728757423821
a great opportunity to,20,15.115460703824326
the face of failure,19,15.12529610110289
of the most successful,20,15.136858934259642
for students who are,27,15.14266445680228
on their own time,10,15.151258550379367
important to understand that,20,15.162521119183317
attitude is essential to,16,15.166188284645607
"however , it is",48,15.179413888662829
the opportunity to explore,25,15.182762824306636
be beneficial for students,18,15.187673547067206
important to weigh the,16,15.200329782113663
can have a lasting,13,15.204823057018523
in the same way,18,15.218242652555311
that having a positive,31,15.227716844833616
important to consider the,87,15.23049175262392
essential for success in,13,15.23925769730591
in conclusion it is,51,15.242010966045441
we are able to,25,15.243489973639214
use in the classroom,16,15.24672888224611
due to the lack,14,15.276877187106145
the most out of,26,15.277100391672924
for example if a,14,15.278462001885735
it s also important,12,15.280412725860856
on a student s,23,15.281631400837618
it can also lead,25,15.285604069239639
we can ensure that,10,15.287847931125008
provide a sense of,22,15.306860347890378
a long way in,16,15.316605166358272
provide students with an,13,15.320038860564765
from high school in,13,15.320118657009282
s important to stay,11,15.323342262623925
to stay true to,31,15.33746741954183
can be a powerful,30,15.34851889485627
which can lead to,48,15.350702708590319
can provide students with,37,15.360241111410268
to grow and develop,11,15.363683516478233
in order to gain,14,15.373224840654892
it 's important to,38,15.376272202395867
so it is important,11,15.396090557042754
can provide us with,13,15.401145621101946
can be a great,85,15.403560258414231
would be able to,17,15.407816721558667
overall it is important,10,15.408690593822385
one of the primary,11,15.414642854034774
have both positive and,23,15.419949528226056
a variety of benefits,11,15.431954864437834
can be seen in,29,15.464354981183511
from the comfort of,35,15.465352288670154
our day to day,10,15.469320913944166
a variety of activities,17,15.470375082751652
an opportunity for students,13,15.475242141403406
part of the process,17,15.483315369433413
in conclusion having a,18,15.490668038473949
to pursue a career,18,15.49227703306289
create a sense of,14,15.495906476768177
is important to carefully,10,15.523926680691801
make it easier to,13,15.526882099362957
it s important to,157,15.52949535799771
and cons to consider,10,15.531122535421332
it gives us the,11,15.531718134575442
students and their families,14,15.553251411097605
adding one and a,10,15.56019954491589
be seen as a,21,15.571977186930198
due to lack of,11,15.582100896046128
to stay active and,12,15.592622295916826
a greater understanding of,12,15.59946199455429
benefits and drawbacks of,17,15.604909961247024
in high school i,15,15.609002421280202
can be applied to,13,15.610408054388259
the school day by,27,15.611591394099797
a good attitude is,10,15.63473278877099
lack of face to,11,15.656868664448105
but it can also,41,15.657930701151827
students may not have,19,15.66146589440983
provide students with more,15,15.687132761357013
be beneficial in many,11,15.695386128067994
from our mistakes and,10,15.70417866690142
it is important to,687,15.720851857127357
take advantage of the,21,15.72486129682811
but they can also,14,15.73007217554374
it comes to making,17,15.750472895797536
it s easy to,13,15.758729100200888
can lead to improved,11,15.762408719460552
it may be difficult,15,15.762696819949909
can serve as a,12,15.763968276721911
in a world where,11,15.764323364431789
"the other hand ,",39,15.76987514068388
of whether or not,10,15.772599268724719
it is also important,65,15.779628997371312
it encourages us to,10,15.78568092192932
is important to understand,36,15.790908271042255
to stay motivated and,18,15.795497719160423
can also help us,14,15.797165838431084
is made up of,13,15.801713859499294
will be able to,22,15.805947085902368
this allows them to,15,15.81450617192975
a positive attitude we,11,15.822585759217901
the amount of time,65,15.82962116703883
pursue a career in,11,15.834064726877351
even in the face,20,15.839064737462948
can lead to greater,20,15.843295686489569
of face to face,15,15.86262174502604
positive attitude can be,18,15.891654050855564
can also be used,16,15.892496655476123
it allows us to,37,15.896439590446725
life having a positive,11,15.912227655455418
order to be successful,13,15.917620884407881
the school day could,17,15.922063290795222
it can be difficult,80,15.925301134943822
it can be easy,15,15.930003753909112
at the end of,25,15.93116813099192
this could lead to,21,15.933154926870884
also important to consider,13,15.93765881461102
can open up a,12,15.939577765525861
important to take into,13,15.943391369542312
students can benefit from,12,15.945949266749246
ultimately it is important,20,15.949258975185089
the quality of education,10,15.949802926438565
whether or not to,18,15.956544386580504
ensure that students are,14,15.95912089012156
find it difficult to,18,15.961976262776439
to get to know,16,15.98221381469773
for achieving success in,14,15.991767182817881
on one hand it,14,15.992942804673547
one of the most,121,16.010866315880953
our own decisions and,17,16.013623290718165
can also be beneficial,22,16.015278673519298
this can be seen,10,16.02072391753262
to remain true to,16,16.028043005111414
reach their goals and,10,16.02837887572118
the use of cell,20,16.02918410883693
in a group setting,11,16.040206677136275
a great way for,16,16.042854967113527
s important to keep,10,16.04855715113571
in a physical classroom,12,16.05381969418758
the opinions of others,15,16.05636189541076
it is true that,58,16.074591469508327
to take advantage of,27,16.076526599873944
a career at a,75,16.082241878056024
and in some cases,10,16.08300771986932
which could lead to,10,16.089547219940997
in the real world,10,16.090824298520154
a positive outlook can,11,16.093243168379182
it is ultimately up,11,16.0951525016714
for those who are,10,16.102673507984257
make it difficult for,18,16.111241412813172
can help an individual,11,16.14088836476845
making it easier to,11,16.149283285403136
", there is no",11,16.157209961577927
a positive attitude has,11,16.163452608086494
for example when i,12,16.167714428102457
for years to come,10,16.181046402420613
is essential for success,17,16.195382566500847
consider the pros and,16,16.197138068429524
positive attitude is an,11,16.19937515712907
to take responsibility for,11,16.201511151505635
and come up with,15,16.20765040354697
allows us to make,10,16.218343022404838
life a positive attitude,10,16.225766584439818
can make it difficult,26,16.228178320360705
end of the day,22,16.231428832117174
the other hand having,11,16.23242947707908
part of a team,10,16.238331331659253
in my own life,11,16.239316851041806
that their children are,11,16.256959392727715
a number of benefits,13,16.267233206889017
can be seen as,20,16.267766768403156
is essential in order,11,16.270697138101568
for personal growth and,11,16.27781513049952
positive attitude can have,15,16.2840315771626
it is only through,10,16.287494699016584
can lead to increased,23,16.288119142096136
most out of their,10,16.290272609175602
are some drawbacks to,10,16.292823358114674
in extracurricular activities can,11,16.329155595969198
finally it is important,12,16.33469001237861
s important to consider,16,16.33621534393832
can have both positive,17,16.346324866319385
can make a difference,12,16.34810370251501
which can help them,12,16.34852536325844
in a classroom setting,11,16.352994118167167
make a difference in,16,16.36300636893951
can be a daunting,12,16.364031894227594
to use their phones,12,16.37462754118934
but it s important,13,16.38086173404846
working in a team,14,16.39107744799945
opportunity to learn from,12,16.392497104846534
one of the greatest,22,16.395783826783465
people s lives in,10,16.396390907218247
of a four day,27,16.396988318464714
they may not have,17,16.40135707127618
helps to ensure that,10,16.401386407605266
"however , there are",11,16.401763582441056
with the right attitude,13,16.410041811903554
learn more about the,14,16.446453471042744
a sense of community,16,16.454086301073552
advantages and disadvantages to,18,16.455025712386266
can be an invaluable,13,16.456347233200184
can lead to feelings,14,16.458255326301163
part of the journey,15,16.460551838917844
keep up with the,15,16.477804772895546
to learn and grow,39,16.477815921857754
offer a variety of,12,16.489283545301717
however it is important,41,16.500771485273113
making it difficult for,13,16.505165415055927
lead to feelings of,25,16.506392473243636
from all over the,14,16.516472089589698
this can be especially,13,16.518071770296203
for high school students,26,16.521103269911002
in people s lives,11,16.533894430968182
online classes can be,13,16.535980749122828
can be an incredibly,13,16.540248490809127
in all aspects of,10,16.542040716733716
order to ensure that,16,16.550978632182492
a negative attitude can,21,16.55364263015987
on top of their,13,16.55524863576813
be a great opportunity,13,16.565952057347047
to achieve their goals,17,16.57144808000553
to stay focused and,27,16.579240083996076
make it more difficult,11,16.616624640824085
to manage their time,13,16.621958908483897
outlook on life and,13,16.624203084739953
in order to reach,26,16.625604584090233
there are a variety,13,16.639976055702768
the people around us,16,16.65318649822744
a good attitude can,23,16.667399736709285
with a negative attitude,12,16.678434004093894
yourself in a world,20,16.687623119744053
one of the main,26,16.694125101353208
the necessary steps to,14,16.697700351707773
understanding of the material,25,16.730685637134975
some students may not,10,16.731684835311185
in a traditional classroom,12,16.736629518306877
a variety of ways,14,16.746348544292943
important to recognize that,23,16.746624617175378
to connect with people,11,16.763461371285608
one of the biggest,10,16.770179341564962
in the long term,12,16.7757926078988
on the one hand,84,16.801893492001142
come up with a,15,16.803945947082624
the late and early,10,16.804735770752025
in order to ensure,33,16.806661250759248
to make sure that,23,16.80787306705883
technology can be used,11,16.808687215508918
can be an effective,20,16.810731539803612
on one s own,12,16.81234348839846
understand the importance of,23,16.820836390706397
in order to succeed,14,16.823667676064936
both students and teachers,22,16.831574178913456
the other hand if,13,16.845107566552194
a better understanding of,75,16.853476837876784
in many aspects of,14,16.853711123323833
a student s self,10,16.854910349194846
can make it easier,12,16.863820791416835
to make more informed,11,16.864326247961223
important to be aware,19,16.877064033987857
students may struggle to,10,16.887301850852374
to make you something,20,16.891682298104136
fatal it is the,34,16.89223972653118
is more important than,20,16.894482654767693
a great opportunity for,19,16.907453841005605
to come up with,26,16.91125806950574
beneficial in terms of,10,16.93748295521047
to learn more about,20,16.950121867533632
have an impact on,17,16.953335595373396
to think outside the,17,16.95643462010795
on the task at,16,16.95927642381563
the same level of,20,16.961257897913256
a sense of responsibility,11,16.966957178672317
with a positive attitude,52,16.968572333386433
can be attributed to,73,16.984315677707244
when faced with a,17,16.99982418414659
us to connect with,11,17.008276056219138
can have a profound,20,17.011666475776714
to higher levels of,10,17.013156114248545
lead to a decrease,16,17.022225018629143
phone use in the,13,17.025171112388477
of their own home,20,17.028984984604975
a great way to,116,17.034842243616033
one and a half,39,17.050604048240515
is important to weigh,19,17.058735341923537
a strong sense of,17,17.062381305625337
", it 's important",27,17.067927079781434
a variety of factors,19,17.07084416974032
to take ownership of,14,17.07541297956324
in conclusion there are,18,17.087391201378352
in order to determine,13,17.093473039876166
outside of the classroom,21,17.110372884168044
in order to achieve,40,17.114568875331678
be seen as an,13,17.11508978829923
is clear that having,10,17.11655020228806
that will help them,12,17.129049655423366
the pursuit of success,24,17.130918589433797
a greater sense of,28,17.1319084104898
to use their cell,13,17.135327784147904
give students the opportunity,19,17.141460178530856
people around the world,11,17.141492230229673
important to be mindful,14,17.14276023954517
with a positive outlook,12,17.15092034645466
ultimately it is up,23,17.159282839091112
from around the world,18,17.159610169892552
have a positive effect,12,17.1599196194554
have been able to,27,17.165138576119695
important to consider both,12,17.167589302692605
provides an opportunity to,11,17.16942501515546
to reach their goals,24,17.20147182498117
is important to consider,112,17.205381225199083
should be allowed to,13,17.219943968867888
lead to an increase,12,17.231792727755938
distance learning can be,16,17.257974808897067
significant impact on the,13,17.261546377934927
have a positive impact,31,17.266683568409334
a crucial part of,10,17.269901410660125
from failure to failure,33,17.279166130611756
attitude is essential for,19,17.280109516714255
make a positive impact,13,17.281880606185865
a positive effect on,16,17.28410860357598
i have found that,12,17.296093285250947
are both pros and,12,17.297868264257843
a positive attitude is,111,17.299369098835186
the other hand technology,17,17.30457543183538
during the school year,11,17.312682996866556
is important to recognize,40,17.325381001309722
attitude can help us,15,17.360388173968566
to keep up with,28,17.367364323005752
allowing students to use,31,17.367871305201497
skills as well as,10,17.37237691349803
a world of possibilities,13,17.377151383294517
a positive impact on,41,17.379190747482284
gives students the opportunity,10,17.38113879031677
the advantages and disadvantages,34,17.383468328533162
classes in the arts,12,17.38555849962053
lead to greater success,10,17.390879777015762
the four day school,14,17.405486026598375
to achieve our goals,18,17.40566452497471
a higher level of,11,17.415958537389415
there are also potential,11,17.417903729700235
it comes to achieving,23,17.43803172365123
in recent years the,13,17.439009862083694
positive attitude in life,18,17.43980756750478
is a great way,50,17.442100260968353
a positive attitude can,139,17.454927391977222
take a break from,12,17.45767428525818
the other hand working,19,17.46676891794538
the other hand some,22,17.48281967366065
provide an opportunity for,12,17.500852785082444
stay focused on the,10,17.50378714373661
it 's true that,11,17.507701213661086
a great source of,12,17.508864902579816
deeper understanding of the,13,17.513094202062348
"however , it 's",17,17.51357334983505
a student s academic,12,17.521027120970125
sense of accomplishment and,19,17.529525979888056
to reach our goals,18,17.538188610479537
foster a sense of,16,17.553621974624463
a significant amount of,19,17.55423641034112
a variety of perspectives,13,17.55610495677754
make the best decision,11,17.563009171871677
the best option for,16,17.57098976237154
phones in the classroom,33,17.572259213813673
s important to note,13,17.581540123425235
year of high school,11,17.58859454266038
their peers and teachers,12,17.5909624066719
reduce the amount of,25,17.5990674251722
may not be able,16,17.605407555295777
i was able to,53,17.625182023863672
success can be achieved,13,17.62768604582009
a significant role in,14,17.628805219357666
to make an informed,21,17.63656902877785
sense of purpose and,16,17.68495416067568
part of our lives,12,17.691937663727167
are more likely to,84,17.69611741930276
reduce the risk of,18,17.710098737560948
a half hours to,12,17.736292972614365
an opportunity to learn,35,17.736417600457386
it is clear that,99,17.737675491926915
working alone can be,12,17.756463081642366
the best fit for,11,17.75713687848129
is important to remember,81,17.758340408585816
due to a combination,23,17.76213087969834
it enables us to,12,17.782321909839403
a positive outlook on,18,17.78786378896195
the world around them,16,17.789718324553007
is essential for achieving,12,17.804096516994797
in three years can,11,17.805250100193717
"factors , including the",14,17.831540721075086
through hard work and,12,17.83406677292495
working with a group,31,17.839305957228895
an important role in,21,17.84927290960666
taking a break from,11,17.855781388587147
be a great way,49,17.86355082287266
that first impressions can,11,17.88424171268315
an important part of,55,17.89499833430783
explore their interests and,11,17.896528519524857
has proven to be,12,17.897730925324474
working in groups can,14,17.910973315819327
interact with the world,11,17.913125365836834
an effective way to,19,17.919422884571766
a variety of reasons,21,17.92017800019117
students may benefit from,10,17.935348045200378
can go a long,15,17.93959713146978
advantages and disadvantages of,32,17.949152499643105
reducing the amount of,15,17.95752139608468
pros and cons to,24,17.959010953150013
cell phones in the,24,17.961584014800138
there is no one,13,17.96381523693595
to do your best,13,17.974251281051252
may not always be,11,17.9828975603969
may not be available,10,17.98955104662884
their high school experience,10,18.00535163290133
phones can be used,10,18.010493864874583
hand there are also,12,18.01355418616648
give students more time,15,18.056854666135997
order to achieve success,10,18.062287798712205
who are unable to,10,18.07513592870454
to stay focused on,15,18.077844868118888
is often seen as,10,18.083839050419847
conclusion having a positive,13,18.087049635710933
trying to make you,20,18.092729817042233
in three years is,12,18.099747895508926
anywhere in the world,11,18.10279694018623
to weigh the pros,12,18.104940637915355
making it easier for,12,18.140807886112057
decide on a career,10,18.14846199063488
to explore their interests,14,18.154510366371355
s important to remember,28,18.16403436855564
a negative impact on,20,18.168905725878957
years of high school,18,18.18846875278546
something else is the,17,18.189408312256603
classes from home can,11,18.214251223118588
has allowed us to,13,18.218046519499488
the other hand there,55,18.228371260504723
positive attitude can lead,14,18.244020830934303
the question of whether,10,18.253720854732144
"of factors , including",12,18.262295312098928
play a role in,11,18.276280013978358
to attend classes from,13,18.27654322753974
it is often said,13,18.28378625402879
keep up with their,10,18.2845261129308
i decided to take,10,18.288692323245506
to stay in touch,13,18.302707348881945
advantages and disadvantages on,12,18.306606358916675
is an important part,38,18.318897168232752
is often said that,13,18.337862241697522
an important factor in,14,18.338020095068515
there are also some,19,18.34321631413689
be the difference between,14,18.346933506884312
of cell phones in,20,18.35169662132663
commit to a career,23,18.355775033158032
example when i was,11,18.35828760457317
this type of learning,13,18.37635674358191
overall it is clear,10,18.379331319959263
responsibility for their own,10,18.381568332517702
while it is true,50,18.38505318885216
have a negative impact,19,18.385753659593433
a major role in,12,18.392650896776736
is important to note,88,18.402342983124605
some potential drawbacks to,11,18.408173739626058
they are more likely,13,18.413494861349932
important to remember that,110,18.419459873921866
extra hour and a,16,18.420531319659894
on the positive side,37,18.44441490888201
comes to achieving success,10,18.44948127274914
", also known as",21,18.45903096125103
when it comes to,298,18.46113544641841
a step back and,14,18.461196067983536
a large amount of,14,18.47294532832487
and negative effects on,18,18.487049232272987
the way we live,10,18.49003936520719
has been found to,12,18.515855244534805
to participate in sports,17,18.525185929556756
can be especially beneficial,11,18.548313382196596
would not have been,11,18.568248012628864
their own pace and,20,18.57854902286617
while there is no,13,18.5791022745139
impact on people s,16,18.590828418970318
in order to maximize,15,18.610264037955744
should be seen as,10,18.624536612502816
the world around us,26,18.627315014666998
a positive attitude helps,13,18.629548244675767
to stay on track,11,18.630385891147668
a sense of accomplishment,27,18.632781512143595
with family and friends,31,18.63406947962737
therefore it is important,34,18.640793140104286
having a negative attitude,11,18.641560741830432
to stay on top,11,18.66355275508287
a combination of historical,10,18.66408086842744
make all the difference,10,18.671895487453583
weigh the pros and,17,18.69738243501834
positive attitude can help,37,18.72228144634188
comfort of their own,28,18.739531445721312
however there are also,23,18.741774647228695
make a positive difference,10,18.75080134436508
is an effective way,11,18.752309812470642
the best version of,13,18.7584010153468
working in a group,148,18.762281883625015
should be based on,10,18.76647515408559
with friends and family,34,18.767336010490837
for example if you,19,18.770830890003005
there are many different,11,18.786126780067292
n t have to,17,18.803141720928593
a sense of purpose,23,18.80481166026835
", there are several",22,18.81187440063998
may find it difficult,10,18.81882844998023
technology has had a,29,18.82627357485884
"combination of factors ,",11,18.842408413158694
learn at their own,10,18.847093899970062
the extended school day,17,18.852330669602374
of those around us,22,18.853630115437106
work at their own,19,18.863529631726692
attending school in person,11,18.876690945766576
deciding on a career,13,18.87804805443548
makes it easier to,10,18.88017436515966
they need to succeed,11,18.89696779964394
committing to a career,65,18.91871122754919
a key factor in,17,18.923913517434954
i have been able,10,18.936239382376208
"yes , there is",11,18.9618142726195
a lasting impact on,12,18.971868878819407
to make informed decisions,11,18.98335809713793
are a few key,13,19.00883311327639
there are a few,57,19.014278132564712
a person s character,17,19.022804605211405
going from failure to,29,19.043122238656274
a combination of factors,36,19.05444390740749
be an effective way,10,19.065403196284535
the courage to continue,37,19.06992751143202
as technology continues to,10,19.086970440791546
achieving success in life,27,19.093574124071225
to stay connected with,17,19.096012182280923
and a half hours,29,19.099252923594584
have a significant impact,24,19.11224989944384
a major impact on,15,19.129567577928455
as well as providing,13,19.143413496758946
day school week is,11,19.172315424699953
is an important factor,17,19.187229760346945
a deeper understanding of,26,19.188426425832937
all over the world,23,19.198743365029706
an essential part of,41,19.20334765344988
on people s lives,27,19.21361238512644
cellphones in the classroom,16,19.22176196672953
important to note that,134,19.22861030964109
you try to do,14,19.245345042342493
has enabled us to,15,19.260268001188606
provides an opportunity for,13,19.27642683328432
hand there are some,12,19.27658859200028
a significant impact on,33,19.280833002922876
lives of those around,11,19.288496588477877
for a few reasons,20,19.293582383063985
are several factors that,11,19.296447093886947
technology has made it,13,19.299127990810376
the face of adversity,22,19.308231054099835
miss out on the,16,19.310540582814255
take ownership of their,13,19.371086392742015
a crucial role in,17,19.378753023067837
at the same time,71,19.382299005867964
conclusion it is clear,18,19.391333256412707
how much may be,13,19.427449968884723
the decision making process,16,19.429890649322445
a negative effect on,20,19.43137558659074
is a powerful tool,11,19.44110495562299
open up a world,11,19.449322542137907
failure to failure without,30,19.450709410452447
an open mind and,11,19.459152240445626
get the most out,13,19.461228488163094
make their own decisions,21,19.47312742332771
of their own homes,13,19.47870355835112
have a lasting impact,14,19.48510981531411
a wide variety of,19,19.508849230566284
technology has become an,13,19.518956778380158
a young age can,41,19.52122496685562
distance learning can provide,13,19.536421955493395
of going from failure,26,19.54963275036895
a false sense of,10,19.55737410948558
making one s own,15,19.557483014010373
impact on our lives,13,19.5657203334562
students of all ages,11,19.57025829658395
a longer school day,29,19.57658385450719
can be incredibly beneficial,19,19.582461604608433
students who are looking,13,19.587802056252706
potential benefits and drawbacks,18,19.610113664976865
a positive first impression,14,19.639069032347912
attributed to a combination,20,19.6820589984096
aspects of our lives,12,19.68624655164931
on the other hand,496,19.69051749079439
an excellent way to,11,19.69571160854901
first impressions can be,33,19.700191366272122
younger and older students,13,19.710299580677415
have a negative effect,20,19.722224101749006
a four day work,22,19.735142135940215
act of kindness can,14,19.739188949596233
a curfew for teenagers,12,19.76666398526922
making a good first,14,19.77646526785192
that must be taken,10,19.803213535135825
there are some potential,24,19.806469017617886
many aspects of life,14,19.821698126476903
to ask questions and,10,19.836162492119477
beneficial in many ways,12,19.840522764157058
have to worry about,10,19.841459967350254
young age can be,20,19.87134378728443
to never give up,11,19.89122763756884
the greater danger for,10,19.89437526140881
that first impressions are,20,19.90326875393498
make our own decisions,17,19.920027126576507
with those around us,14,19.922063835623682
danger for most of,10,19.932241630421565
emphasizes the importance of,12,19.934557970500627
a great deal of,21,19.93965647317321
revolutionized the way we,11,19.94304471468505
a sense of belonging,12,19.94593939740323
should not be taken,10,19.9497306964617
early from high school,11,19.95282889944224
is an essential part,36,19.973051684280115
world that is constantly,23,19.981154324032772
one s own decisions,16,19.991740019043434
is constantly trying to,24,19.995370681515404
for example if someone,11,19.999989903436827
focus on their studies,15,20.005321062227914
both positive and negative,60,20.0193733506528
often referred to as,11,20.02622450616672
a powerful tool for,14,20.03363915496319
the school board should,10,20.045398043349792
the pros and cons,103,20.07145375595094
that must be considered,12,20.08405921708608
relationships with their peers,15,20.0843922302398
stay true to ourselves,10,20.094546472073127
in the long run,77,20.096018407555157
can be extremely beneficial,12,20.11337632548004
having a positive outlook,22,20.1140470841912
cell phones in school,11,20.120562657086673
us to stay connected,11,20.14223620900723
one hand technology has,11,20.159344901367618
cell phones can be,20,20.159759395750797
if we are always,14,20.169936907641066
"factors firstly , it",11,20.17321447923088
its own set of,19,20.175235019172106
those who do not,10,20.180158127008823
have a profound impact,10,20.185038030155788
"yes , there are",13,20.19038602389371
not fatal it is,34,20.19881010287213
is not fatal it,34,20.19881010287213
never to be idle,14,20.209735300455577
students and teachers alike,12,20.21949983257506
stay on top of,21,20.260490347923486
however there are some,28,20.288602019063077
having a good attitude,35,20.293924713409254
more important than knowledge,17,20.31952685521688
a huge impact on,11,20.342033159359616
other hand there are,40,20.36698134000413
to try something new,10,20.36925545442073
positive attitude is essential,34,20.371799083053617
the task at hand,28,20.38700110524109
not only does it,17,20.399282541983155
hour and a half,19,20.41007079212605
pros and cons of,83,20.41313967247494
graduating high school in,30,20.420578838788494
this is especially true,13,20.427454263307922
potential advantages and disadvantages,12,20.456856543902134
positive and negative effects,22,20.458160659374073
in today s world,26,20.48438738821607
making our own decisions,14,20.503328492927736
can not be overstated,13,20.51284570778924
a four day school,76,20.521390841754943
four years of high,12,20.525917433009205
take into account the,15,20.542456346561394
's important to note,28,20.58192540718794
take the necessary steps,10,20.62335217478205
to take into account,16,20.624660974613995
a detrimental effect on,12,20.632423105528837
day school week with,18,20.645988190265236
older and younger students,25,20.653716052311047
activities such as sports,12,20.684307098294163
be attributed to several,34,20.686182781148453
studies have found that,17,20.737720093008924
hard work and determination,14,20.74936960834966
be a powerful tool,20,20.754198339436883
are a few reasons,33,20.759001163385584
a wider range of,14,20.781245459747936
stay in touch with,14,20.79418475826388
have a detrimental effect,11,20.79774073860324
there are some drawbacks,13,20.818568495192515
courage to continue that,35,20.819844963810333
a profound impact on,19,20.820188933553744
integral part of our,12,20.821220680672134
gain a better understanding,33,20.84660770930605
can help reduce stress,10,20.84849387114329
be done if we,14,20.852415300720594
guidance from experts and,17,20.854790727653914
experts and authorities can,10,20.86426308872643
else is the greatest,17,20.86513627690094
attending classes in person,15,20.89514624429495
learn from one another,10,20.907499754015554
even when faced with,11,20.916205483435846
a three year high,10,20.95533882345761
before making a decision,32,20.978823159281085
an act of kindness,12,20.985607924902133
is the greatest accomplishment,18,20.99376861852584
a four day week,10,21.022077259299216
learn from each other,16,21.031494955911114
technology has revolutionized the,16,21.034726936390705
being true to oneself,13,21.056901850680404
various factors such as,10,21.066924030932057
has revolutionized the way,19,21.072407458359926
may be done if,14,21.077680663678642
high school in three,56,21.082883428042813
are some potential drawbacks,12,21.14265109618549
a wide range of,38,21.18228968694728
personal growth and development,14,21.187954805663026
relationships with those around,11,21.204599367236874
through a process called,11,21.224486364703957
acts of kindness can,18,21.233464708192763
day school week has,10,21.233879657914144
i am writing to,12,21.253701955750643
it is wonderful how,13,21.254124967185263
both advantages and disadvantages,18,21.26100903392139
try to do something,15,21.287299858503935
having a positive attitude,249,21.316792167133826
save time and money,12,21.33690999093296
there are both pros,12,21.35516032150815
a negative first impression,13,21.357492716558802
a traditional classroom setting,10,21.36832394770238
problem solving skills and,13,21.37622124718076
has made it easier,14,21.37696596186246
done if we are,14,21.389382044927174
to do something beyond,19,21.394325271735717
positive outlook on life,22,21.411401485820022
setting a good example,28,21.44058779841051
factor in achieving success,11,21.446620795176152
shorter amount of time,11,21.469356204961613
extending the school day,69,21.497087180340074
the traditional four year,15,21.514999057803102
vary depending on the,12,21.560592608114625
finishing high school in,10,21.584965656689377
there are several factors,11,21.602688030309885
go a long way,20,21.60930628722955
learn from our mistakes,18,21.669459293382985
has been linked to,14,21.719470458840625
our comfort zone and,10,21.72866477808222
a profound effect on,15,21.74162187643047
and problem solving skills,17,21.763244370290003
both younger and older,11,21.766375505083502
that is constantly trying,23,21.774962714252432
school day by two,17,21.801341399474836
here are a few,36,21.815819295385424
evidence to suggest that,19,21.82599670423525
has its own advantages,10,21.827413468743913
mental and physical health,24,21.829157654675505
career at a young,79,21.831839035048112
most of us lies,10,21.84266563590056
is an integral part,15,21.867364213809168
a head start on,14,21.876692839872362
longer school day could,11,21.946092304565738
school in three years,55,21.97017658631654
we are always doing,13,21.970734113676514
you something else is,18,21.998998992950455
both good and bad,15,22.014851815227125
constantly trying to make,19,22.0332981639648
good first impression is,11,22.034143012921867
sense of self worth,11,22.036874765848722
amount of time spent,15,22.040803899208285
should be taken into,14,22.061169216237175
hard work and dedication,46,22.111468141712557
advice from multiple people,10,22.177309594065697
an extended school day,23,22.198752314186336
much may be done,14,22.20112176468603
making your own decisions,19,22.210401303401277
an integral part of,37,22.212595949823594
graduating from high school,25,22.22689068306434
has become an increasingly,14,22.254688772607246
are almost impossible to,10,22.27238717261215
before making a final,10,22.295662377495653
a good first impression,26,22.34000528982996
use of cell phones,21,22.345313390934137
stay focused and motivated,12,22.374070544592485
both pros and cons,19,22.427959287407568
take a step back,11,22.434409958233935
of our comfort zone,11,22.440278633957504
an after school homework,21,22.453848994883238
taking classes from home,19,22.485047844108394
inevitable part of life,10,22.517220857129878
on the plus side,12,22.517388109549458
such as problem solving,10,22.527450921626148
students may miss out,11,22.5362726692451
there are several reasons,13,22.548640050929365
distance learning has become,16,22.55861119135546
make more informed decisions,16,22.605796807941616
final failure is not,34,22.633574571429556
is not final failure,34,22.633574571429556
not final failure is,34,22.633574571429556
to failure without loss,26,22.64018720931616
beyond what you have,25,22.648094190955
in setting our aim,19,22.65588956701042
lack of social interaction,10,22.678503396618105
growing up i was,10,22.752095758031757
pros and cons before,12,22.758610657894287
participate in extracurricular activities,17,22.805809759011574
be traced back to,19,22.806379175630767
a three year program,10,22.86177351922322
what you have already,27,22.863076467382648
willingness to take risks,10,22.869421208978906
can vary depending on,11,22.876572859165705
to continue that counts,35,22.884800405651106
interact with one another,11,22.91632500273429
physical and mental health,51,22.91662049592584
implementing a four day,12,22.93805095967017
aim too high and,10,22.9762586896561
years instead of four,21,22.98352631603968
has become an integral,11,22.983581066237775
may miss out on,17,23.09194774148446
studies have shown that,62,23.130774394958053
i am confident that,13,23.13617116912797
four days a week,11,23.142385167786628
famously said is not,11,23.173437815031456
too low and achieving,11,23.22954344411145
graduating in three years,10,23.230967298010874
on the flip side,12,23.23728019035672
failure without loss of,25,23.247655469648954
participating in extracurricular activities,15,23.31780898817751
play an important role,12,23.31798310682847
at an early age,21,23.33807019976824
face to face interaction,24,23.39108434945186
failure is not fatal,35,23.4328244438501
too high and falling,10,23.455426526354664
in a timely manner,10,23.48402331219002
an informed decision about,12,23.495352608458987
research has shown that,34,23.584214674659826
other hand working alone,14,23.58840994556047
use their cell phones,15,23.598423392160022
from experts and authorities,22,23.67097802973167
four year high school,16,23.682936616978083
can open many doors,10,23.739812881722848
make an informed decision,33,23.76695442731618
drama and art classes,10,23.779025174823772
success consists of going,12,23.827101379049658
must be taken into,19,23.83170722157594
three years instead of,26,23.851300023593986
consists of going from,23,23.88732816111463
at a young age,109,23.91381947662382
said is not final,17,23.955502666316917
attributed to several factors,22,23.961680346602016
cell phone use in,15,24.122584969600354
in three years instead,24,24.12405209409436
at their own pace,46,24.124619526545175
three year high school,16,24.24258802917005
can be traced back,19,24.258795085104573
graduating high school early,15,24.294297180725245
first impressions are incredibly,10,24.301538828850262
a few reasons firstly,12,24.30236275963997
"various factors , including",19,24.396335447089655
do n t have,23,24.474190495180636
make you something else,20,24.52596455612248
year high school program,18,24.53690389284956
they do n t,15,24.539382619007156
continue that counts this,13,24.600660020056026
a few reasons why,27,24.60087196714369
"several factors firstly ,",11,24.642942620043137
online and video conferencing,12,24.668170608345783
day by two hours,17,24.732289262374216
you do n t,14,24.76862509561215
high and falling short,10,24.82125105115483
you will never grow,14,24.844040817323695
attending classes from home,26,24.851023298337914
no matter how difficult,10,24.891875897028413
without loss of enthusiasm,25,25.0273255147694
something beyond what you,19,25.205226291665298
greater danger for most,10,25.395301759625745
become an integral part,17,25.431135079277723
is wonderful how much,13,25.435539293715365
hustle and bustle of,10,25.569887808625445
no matter how hard,10,25.5865423171753
become an increasingly popular,11,25.64319264385039
be taken into consideration,22,25.719672181976307
"few reasons firstly ,",12,25.800820648196186
have already mastered you,14,25.804428694830982
be taken into account,20,25.88172894008528
four day work week,26,26.01201337214431
aim too low and,10,26.08023061807188
depends on various factors,10,26.09240793904747
almost impossible to change,11,26.274164047172334
think outside the box,19,26.382314232473618
music drama and art,10,26.396030144949066
has become increasingly popular,10,26.40491239365359
you have already mastered,24,26.582036273494538
do something beyond what,18,26.624140142268658
four day school week,91,26.81712110521036
no matter how small,12,26.839839711643812
small acts of kindness,24,27.018153342868004
after school homework clubs,10,27.06283149263774
here 's a simplified,10,27.150397128854316
mastered you will never,13,27.19350390806693
wonderful how much may,13,27.51900556476894
an increasingly popular option,12,27.84021456830522
already mastered you will,14,27.84046919082902
after school homework club,34,27.850734052029168
and early 20th centuries,11,27.86081450545427
setting our aim too,19,27.91823640504205
seeking guidance from experts,18,28.16649762788549
our aim too low,10,29.14463206337057
